{
  "request_id": "job-20251002-0001",
  "requested_by": {
    "user_id": "pen-tester-1",
    "contact": "[you@example.com](mailto:you@example.com)",
    "authorization_reference": "auth_doc_123.pdf"
  },
  "target": {
    "url": "http://testphp.vulnweb.com",
    "allowed_subdomains": [
      "testphp.vulnweb.com"
    ]
  },
  "finding": {
    "type": "SQL Injection",
    "title": "Possible SQL Injection on login.php",
    "initial_severity": "Medium",
    "confidence": 0.7,
    "poc": {
      "method": "POST",
      "path": "/login.php",
      "body": {
        "username": "test",
        "password": "test"
      },
      "headers": {
        "User-Agent": "safe-scan/1.0",
        "Content-Type": "application/x-www-form-urlencoded"
      }
    },
    "notes": "Run automated test with sqlmap (requires explicit authorization)."
  },
  "scan_profile": {
    "mode": "intrusive",
    "options": {
      "use_sqlmap": true,
      "sqlmap_level": 1,
      "sqlmap_risk": 1,
      "timeout": 300
    }
  },
  "created_at": "2025-10-02T02:00:00+03:00"
}
